date_id,full_date,month,quarter,year
1,2020-03-27,3,1,2020
2,2020-03-28,3,1,2020
3,2020-03-29,3,1,2020
4,2020-03-30,3,1,2020
5,2020-03-31,3,1,2020
6,2020-04-01,4,2,2020
7,2020-04-02,4,2,2020
8,2020-04-03,4,2,2020
9,2020-04-04,4,2,2020
10,2020-04-05,4,2,2020
11,2020-04-06,4,2,2020
12,2020-04-07,4,2,2020
13,2020-04-08,4,2,2020
14,2020-04-09,4,2,2020
15,2020-04-10,4,2,2020
16,2020-04-11,4,2,2020
17,2020-04-12,4,2,2020
18,2020-04-13,4,2,2020
19,2020-04-14,4,2,2020
20,2020-04-15,4,2,2020
21,2020-04-16,4,2,2020
22,2020-04-17,4,2,2020
23,2020-04-18,4,2,2020
24,2020-04-19,4,2,2020
25,2020-04-20,4,2,2020
26,2020-04-21,4,2,2020
27,2020-04-22,4,2,2020
28,2020-04-23,4,2,2020
29,2020-04-24,4,2,2020
30,2020-04-25,4,2,2020
31,2020-04-26,4,2,2020
32,2020-04-27,4,2,2020
33,2020-04-28,4,2,2020
34,2020-04-29,4,2,2020
35,2020-04-30,4,2,2020
36,2020-05-01,5,2,2020
37,2020-05-02,5,2,2020
38,2020-05-03,5,2,2020
39,2020-05-04,5,2,2020
40,2020-05-05,5,2,2020
41,2020-05-06,5,2,2020
42,2020-05-07,5,2,2020
43,2020-05-08,5,2,2020
44,2020-05-09,5,2,2020
45,2020-05-10,5,2,2020
46,2020-05-11,5,2,2020
47,2020-05-12,5,2,2020
48,2020-05-13,5,2,2020
49,2020-05-14,5,2,2020
50,2020-05-15,5,2,2020
51,2020-05-16,5,2,2020
52,2020-05-17,5,2,2020
53,2020-05-18,5,2,2020
54,2020-05-19,5,2,2020
55,2020-05-20,5,2,2020
56,2020-05-21,5,2,2020
57,2020-05-22,5,2,2020
58,2020-05-23,5,2,2020
59,2020-05-24,5,2,2020
60,2020-05-25,5,2,2020
61,2020-05-26,5,2,2020
62,2020-05-27,5,2,2020
63,2020-05-28,5,2,2020
64,2020-05-29,5,2,2020
65,2020-05-30,5,2,2020
66,2020-05-31,5,2,2020
67,2020-06-01,6,2,2020
68,2020-06-02,6,2,2020
69,2020-06-03,6,2,2020
70,2020-06-04,6,2,2020
71,2020-06-05,6,2,2020
72,2020-06-06,6,2,2020
73,2020-06-07,6,2,2020
74,2020-06-08,6,2,2020
75,2020-06-09,6,2,2020
76,2020-06-10,6,2,2020
77,2020-06-11,6,2,2020
78,2020-06-12,6,2,2020
79,2020-06-13,6,2,2020
80,2020-06-14,6,2,2020
81,2020-06-15,6,2,2020
82,2020-06-16,6,2,2020
83,2020-06-17,6,2,2020
84,2020-06-18,6,2,2020
85,2020-06-19,6,2,2020
86,2020-06-20,6,2,2020
87,2020-06-21,6,2,2020
88,2020-06-22,6,2,2020
89,2020-06-23,6,2,2020
90,2020-06-24,6,2,2020
91,2020-06-25,6,2,2020
92,2020-06-26,6,2,2020
93,2020-06-27,6,2,2020
94,2020-06-28,6,2,2020
95,2020-06-29,6,2,2020
96,2020-06-30,6,2,2020
97,2020-07-01,7,3,2020
98,2020-07-02,7,3,2020
99,2020-07-03,7,3,2020
100,2020-07-04,7,3,2020
101,2020-07-05,7,3,2020
102,2020-07-06,7,3,2020
103,2020-07-07,7,3,2020
104,2020-07-08,7,3,2020
105,2020-07-09,7,3,2020
106,2020-07-10,7,3,2020
107,2020-07-11,7,3,2020
108,2020-07-12,7,3,2020
109,2020-07-13,7,3,2020
110,2020-07-14,7,3,2020
111,2020-07-15,7,3,2020
112,2020-07-16,7,3,2020
113,2020-07-17,7,3,2020
114,2020-07-18,7,3,2020
115,2020-07-19,7,3,2020
116,2020-07-20,7,3,2020
117,2020-07-21,7,3,2020
118,2020-07-22,7,3,2020
119,2020-07-23,7,3,2020
120,2020-07-24,7,3,2020
121,2020-07-25,7,3,2020
122,2020-07-26,7,3,2020
123,2020-07-27,7,3,2020
124,2020-07-28,7,3,2020
125,2020-07-29,7,3,2020
126,2020-07-30,7,3,2020
127,2020-07-31,7,3,2020
128,2020-08-01,8,3,2020
129,2020-08-02,8,3,2020
130,2020-08-03,8,3,2020
131,2020-08-04,8,3,2020
132,2020-08-05,8,3,2020
133,2020-08-06,8,3,2020
134,2020-08-07,8,3,2020
135,2020-08-08,8,3,2020
136,2020-08-09,8,3,2020
137,2020-08-10,8,3,2020
138,2020-08-11,8,3,2020
139,2020-08-12,8,3,2020
140,2020-08-13,8,3,2020
141,2020-08-14,8,3,2020
142,2020-08-15,8,3,2020
143,2020-08-16,8,3,2020
144,2020-08-17,8,3,2020
145,2020-08-18,8,3,2020
146,2020-08-19,8,3,2020
147,2020-08-20,8,3,2020
148,2020-08-21,8,3,2020
149,2020-08-22,8,3,2020
150,2020-08-23,8,3,2020
151,2020-08-24,8,3,2020
152,2020-08-25,8,3,2020
153,2020-08-26,8,3,2020
154,2020-08-27,8,3,2020
155,2020-08-28,8,3,2020
156,2020-08-29,8,3,2020
157,2020-08-30,8,3,2020
158,2020-08-31,8,3,2020
159,2020-09-01,9,3,2020
160,2020-09-02,9,3,2020
161,2020-09-03,9,3,2020
162,2020-09-04,9,3,2020
163,2020-09-05,9,3,2020
164,2020-09-06,9,3,2020
165,2020-09-07,9,3,2020
166,2020-09-08,9,3,2020
167,2020-09-09,9,3,2020
168,2020-09-10,9,3,2020
169,2020-09-11,9,3,2020
170,2020-09-12,9,3,2020
171,2020-09-13,9,3,2020
172,2020-09-14,9,3,2020
173,2020-09-15,9,3,2020
174,2020-09-16,9,3,2020
175,2020-09-17,9,3,2020
176,2020-09-18,9,3,2020
177,2020-09-19,9,3,2020
178,2020-09-20,9,3,2020
179,2020-09-21,9,3,2020
180,2020-09-22,9,3,2020
181,2020-09-23,9,3,2020
182,2020-09-24,9,3,2020
183,2020-09-25,9,3,2020
184,2020-09-26,9,3,2020
185,2020-09-27,9,3,2020
186,2020-09-28,9,3,2020
187,2020-09-29,9,3,2020
188,2020-09-30,9,3,2020
189,2020-10-01,10,4,2020
190,2020-10-02,10,4,2020
191,2020-10-03,10,4,2020
192,2020-10-04,10,4,2020
193,2020-10-05,10,4,2020
194,2020-10-06,10,4,2020
195,2020-10-07,10,4,2020
196,2020-10-08,10,4,2020
197,2020-10-09,10,4,2020
198,2020-10-10,10,4,2020
199,2020-10-11,10,4,2020
200,2020-10-12,10,4,2020
201,2020-10-13,10,4,2020
202,2020-10-14,10,4,2020
203,2020-10-15,10,4,2020
204,2020-10-16,10,4,2020
205,2020-10-17,10,4,2020
206,2020-10-18,10,4,2020
207,2020-10-19,10,4,2020
208,2020-10-20,10,4,2020
209,2020-10-21,10,4,2020
210,2020-10-22,10,4,2020
211,2020-10-23,10,4,2020
212,2020-10-24,10,4,2020
213,2020-10-25,10,4,2020
214,2020-10-26,10,4,2020
215,2020-10-27,10,4,2020
216,2020-10-28,10,4,2020
217,2020-10-29,10,4,2020
218,2020-10-30,10,4,2020
219,2020-10-31,10,4,2020
220,2020-11-01,11,4,2020
221,2020-11-02,11,4,2020
222,2020-11-03,11,4,2020
223,2020-11-04,11,4,2020
224,2020-11-05,11,4,2020
225,2020-11-06,11,4,2020
226,2020-11-07,11,4,2020
227,2020-11-08,11,4,2020
228,2020-11-09,11,4,2020
229,2020-11-10,11,4,2020
230,2020-11-11,11,4,2020
231,2020-11-12,11,4,2020
232,2020-11-13,11,4,2020
233,2020-11-14,11,4,2020
234,2020-11-15,11,4,2020
235,2020-11-16,11,4,2020
236,2020-11-17,11,4,2020
237,2020-11-18,11,4,2020
238,2020-11-19,11,4,2020
239,2020-11-20,11,4,2020
240,2020-11-21,11,4,2020
241,2020-11-22,11,4,2020
242,2020-11-23,11,4,2020
243,2020-11-24,11,4,2020
244,2020-11-25,11,4,2020
245,2020-11-26,11,4,2020
246,2020-11-27,11,4,2020
247,2020-11-28,11,4,2020
248,2020-11-29,11,4,2020
249,2020-11-30,11,4,2020
250,2020-12-01,12,4,2020
251,2020-12-02,12,4,2020
252,2020-12-03,12,4,2020
253,2020-12-04,12,4,2020
254,2020-12-05,12,4,2020
255,2020-12-06,12,4,2020
256,2020-12-07,12,4,2020
257,2020-12-08,12,4,2020
258,2020-12-09,12,4,2020
259,2020-12-10,12,4,2020
260,2020-12-11,12,4,2020
261,2020-12-12,12,4,2020
262,2020-12-13,12,4,2020
263,2020-12-14,12,4,2020
264,2020-12-15,12,4,2020
265,2020-12-16,12,4,2020
266,2020-12-17,12,4,2020
267,2020-12-18,12,4,2020
268,2020-12-19,12,4,2020
269,2020-12-20,12,4,2020
270,2020-12-21,12,4,2020
271,2020-12-22,12,4,2020
272,2020-12-23,12,4,2020
273,2020-12-24,12,4,2020
274,2020-12-25,12,4,2020
275,2020-12-26,12,4,2020
276,2020-12-27,12,4,2020
277,2020-12-28,12,4,2020
278,2020-12-29,12,4,2020
279,2020-12-30,12,4,2020
280,2020-12-31,12,4,2020
281,2021-01-01,1,1,2021
282,2021-01-02,1,1,2021
283,2021-01-03,1,1,2021
284,2021-01-04,1,1,2021
285,2021-01-05,1,1,2021
286,2021-01-06,1,1,2021
287,2021-01-07,1,1,2021
288,2021-01-08,1,1,2021
289,2021-01-09,1,1,2021
290,2021-01-10,1,1,2021
291,2021-01-11,1,1,2021
292,2021-01-12,1,1,2021
293,2021-01-13,1,1,2021
294,2021-01-14,1,1,2021
295,2021-01-15,1,1,2021
296,2021-01-16,1,1,2021
297,2021-01-17,1,1,2021
298,2021-01-18,1,1,2021
299,2021-01-19,1,1,2021
300,2021-01-20,1,1,2021
301,2021-01-21,1,1,2021
302,2021-01-22,1,1,2021
303,2021-01-23,1,1,2021
304,2021-01-24,1,1,2021
305,2021-01-25,1,1,2021
306,2021-01-26,1,1,2021
307,2021-01-27,1,1,2021
308,2021-01-28,1,1,2021
309,2021-01-29,1,1,2021
310,2021-01-30,1,1,2021
311,2021-01-31,1,1,2021
312,2021-02-01,2,1,2021
313,2021-02-02,2,1,2021
314,2021-02-03,2,1,2021
315,2021-02-04,2,1,2021
316,2021-02-05,2,1,2021
317,2021-02-06,2,1,2021
318,2021-02-07,2,1,2021
319,2021-02-08,2,1,2021
320,2021-02-09,2,1,2021
321,2021-02-10,2,1,2021
322,2021-02-11,2,1,2021
323,2021-02-12,2,1,2021
324,2021-02-13,2,1,2021
325,2021-02-14,2,1,2021
326,2021-02-15,2,1,2021
327,2021-02-16,2,1,2021
328,2021-02-17,2,1,2021
329,2021-02-18,2,1,2021
330,2021-02-19,2,1,2021
331,2021-02-20,2,1,2021
332,2021-02-21,2,1,2021
333,2021-02-22,2,1,2021
334,2021-02-23,2,1,2021
335,2021-02-24,2,1,2021
336,2021-02-25,2,1,2021
337,2021-02-26,2,1,2021
338,2021-02-27,2,1,2021
339,2021-02-28,2,1,2021
340,2021-03-01,3,1,2021
341,2021-03-02,3,1,2021
342,2021-03-03,3,1,2021
343,2021-03-04,3,1,2021
344,2021-03-05,3,1,2021
345,2021-03-06,3,1,2021
346,2021-03-07,3,1,2021
347,2021-03-08,3,1,2021
348,2021-03-09,3,1,2021
349,2021-03-10,3,1,2021
350,2021-03-11,3,1,2021
351,2021-03-12,3,1,2021
352,2021-03-13,3,1,2021
353,2021-03-14,3,1,2021
354,2021-03-15,3,1,2021
355,2021-03-16,3,1,2021
356,2021-03-17,3,1,2021
357,2021-03-18,3,1,2021
358,2021-03-19,3,1,2021
359,2021-03-20,3,1,2021
360,2021-03-21,3,1,2021
361,2021-03-22,3,1,2021
362,2021-03-23,3,1,2021
363,2021-03-24,3,1,2021
364,2021-03-25,3,1,2021
365,2021-03-26,3,1,2021
366,2021-03-27,3,1,2021
367,2021-03-28,3,1,2021
368,2021-03-29,3,1,2021
369,2021-03-30,3,1,2021
370,2021-03-31,3,1,2021
371,2021-04-01,4,2,2021
372,2021-04-02,4,2,2021
373,2021-04-03,4,2,2021
374,2021-04-04,4,2,2021
375,2021-04-05,4,2,2021
376,2021-04-06,4,2,2021
377,2021-04-07,4,2,2021
378,2021-04-08,4,2,2021
379,2021-04-09,4,2,2021
380,2021-04-10,4,2,2021
381,2021-04-11,4,2,2021
382,2021-04-12,4,2,2021
383,2021-04-13,4,2,2021
384,2021-04-14,4,2,2021
385,2021-04-15,4,2,2021
386,2021-04-16,4,2,2021
387,2021-04-17,4,2,2021
388,2021-04-18,4,2,2021
389,2021-04-19,4,2,2021
390,2021-04-20,4,2,2021
391,2021-04-21,4,2,2021
392,2021-04-22,4,2,2021
393,2021-04-23,4,2,2021
394,2021-04-24,4,2,2021
395,2021-04-25,4,2,2021
396,2021-04-26,4,2,2021
397,2021-04-27,4,2,2021
398,2021-04-28,4,2,2021
399,2021-04-29,4,2,2021
400,2021-04-30,4,2,2021
401,2021-05-01,5,2,2021
402,2021-05-02,5,2,2021
403,2021-05-03,5,2,2021
404,2021-05-04,5,2,2021
405,2021-05-05,5,2,2021
406,2021-05-06,5,2,2021
407,2021-05-07,5,2,2021
408,2021-05-08,5,2,2021
409,2021-05-09,5,2,2021
410,2021-05-10,5,2,2021
411,2021-05-11,5,2,2021
412,2021-05-12,5,2,2021
413,2021-05-13,5,2,2021
414,2021-05-14,5,2,2021
415,2021-05-15,5,2,2021
416,2021-05-16,5,2,2021
417,2021-05-17,5,2,2021
418,2021-05-18,5,2,2021
419,2021-05-19,5,2,2021
420,2021-05-20,5,2,2021
421,2021-05-21,5,2,2021
422,2021-05-22,5,2,2021
423,2021-05-23,5,2,2021
424,2021-05-24,5,2,2021
425,2021-05-25,5,2,2021
426,2021-05-26,5,2,2021
427,2021-05-27,5,2,2021
428,2021-05-28,5,2,2021
429,2021-05-29,5,2,2021
430,2021-05-30,5,2,2021
431,2021-05-31,5,2,2021
432,2021-06-01,6,2,2021
433,2021-06-02,6,2,2021
434,2021-06-03,6,2,2021
435,2021-06-04,6,2,2021
436,2021-06-05,6,2,2021
437,2021-06-06,6,2,2021
438,2021-06-07,6,2,2021
439,2021-06-08,6,2,2021
440,2021-06-09,6,2,2021
441,2021-06-10,6,2,2021
442,2021-06-11,6,2,2021
443,2021-06-12,6,2,2021
444,2021-06-13,6,2,2021
445,2021-06-14,6,2,2021
446,2021-06-15,6,2,2021
447,2021-06-16,6,2,2021
448,2021-06-17,6,2,2021
449,2021-06-18,6,2,2021
450,2021-06-19,6,2,2021
451,2021-06-20,6,2,2021
452,2021-06-21,6,2,2021
453,2021-06-22,6,2,2021
454,2021-06-23,6,2,2021
455,2021-06-24,6,2,2021
456,2021-06-25,6,2,2021
457,2021-06-26,6,2,2021
458,2021-06-27,6,2,2021
459,2021-06-28,6,2,2021
460,2021-06-29,6,2,2021
461,2021-06-30,6,2,2021
462,2021-07-01,7,3,2021
463,2021-07-02,7,3,2021
464,2021-07-03,7,3,2021
465,2021-07-04,7,3,2021
466,2021-07-05,7,3,2021
467,2021-07-06,7,3,2021
468,2021-07-07,7,3,2021
469,2021-07-08,7,3,2021
470,2021-07-09,7,3,2021
471,2021-07-10,7,3,2021
472,2021-07-11,7,3,2021
473,2021-07-12,7,3,2021
474,2021-07-13,7,3,2021
475,2021-07-14,7,3,2021
476,2021-07-15,7,3,2021
477,2021-07-16,7,3,2021
478,2021-07-17,7,3,2021
479,2021-07-18,7,3,2021
480,2021-07-19,7,3,2021
481,2021-07-20,7,3,2021
482,2021-07-21,7,3,2021
483,2021-07-22,7,3,2021
484,2021-07-23,7,3,2021
485,2021-07-24,7,3,2021
486,2021-07-25,7,3,2021
487,2021-07-26,7,3,2021
488,2021-07-27,7,3,2021
489,2021-07-28,7,3,2021
490,2021-07-29,7,3,2021
491,2021-07-30,7,3,2021
492,2021-07-31,7,3,2021
493,2021-08-01,8,3,2021
494,2021-08-02,8,3,2021
495,2021-08-03,8,3,2021
496,2021-08-04,8,3,2021
497,2021-08-05,8,3,2021
498,2021-08-06,8,3,2021
499,2021-08-07,8,3,2021
500,2021-08-08,8,3,2021
501,2021-08-09,8,3,2021
502,2021-08-10,8,3,2021
503,2021-08-11,8,3,2021
504,2021-08-12,8,3,2021
505,2021-08-13,8,3,2021
506,2021-08-14,8,3,2021
507,2021-08-15,8,3,2021
508,2021-08-16,8,3,2021
509,2021-08-17,8,3,2021
510,2021-08-18,8,3,2021
511,2021-08-19,8,3,2021
512,2021-08-20,8,3,2021
513,2021-08-21,8,3,2021
514,2021-08-22,8,3,2021
515,2021-08-23,8,3,2021
516,2021-08-24,8,3,2021
517,2021-08-25,8,3,2021
518,2021-08-26,8,3,2021
519,2021-08-27,8,3,2021
520,2021-08-28,8,3,2021
521,2021-08-29,8,3,2021
522,2021-08-30,8,3,2021
523,2021-08-31,8,3,2021
524,2021-09-01,9,3,2021
525,2021-09-02,9,3,2021
526,2021-09-03,9,3,2021
527,2021-09-04,9,3,2021
528,2021-09-05,9,3,2021
529,2021-09-06,9,3,2021
530,2021-09-07,9,3,2021
531,2021-09-08,9,3,2021
532,2021-09-09,9,3,2021
533,2021-09-10,9,3,2021
534,2021-09-11,9,3,2021
535,2021-09-12,9,3,2021
536,2021-09-13,9,3,2021
537,2021-09-14,9,3,2021
538,2021-09-15,9,3,2021
539,2021-09-16,9,3,2021
540,2021-09-17,9,3,2021
541,2021-09-18,9,3,2021
542,2021-09-19,9,3,2021
543,2021-09-20,9,3,2021
544,2021-09-21,9,3,2021
545,2021-09-22,9,3,2021
546,2021-09-23,9,3,2021
547,2021-09-24,9,3,2021
548,2021-09-25,9,3,2021
549,2021-09-26,9,3,2021
550,2021-09-27,9,3,2021
551,2021-09-28,9,3,2021
552,2021-09-29,9,3,2021
553,2021-09-30,9,3,2021
554,2021-10-01,10,4,2021
555,2021-10-02,10,4,2021
556,2021-10-03,10,4,2021
557,2021-10-04,10,4,2021
558,2021-10-05,10,4,2021
559,2021-10-06,10,4,2021
560,2021-10-07,10,4,2021
561,2021-10-08,10,4,2021
562,2021-10-09,10,4,2021
563,2021-10-10,10,4,2021
564,2021-10-11,10,4,2021
565,2021-10-12,10,4,2021
566,2021-10-13,10,4,2021
567,2021-10-14,10,4,2021
568,2021-10-15,10,4,2021
569,2021-10-16,10,4,2021
570,2021-10-17,10,4,2021
571,2021-10-18,10,4,2021
572,2021-10-19,10,4,2021
573,2021-10-20,10,4,2021
574,2021-10-21,10,4,2021
575,2021-10-22,10,4,2021
576,2021-10-23,10,4,2021
577,2021-10-24,10,4,2021
578,2021-10-25,10,4,2021
579,2021-10-26,10,4,2021
580,2021-10-27,10,4,2021
581,2021-10-28,10,4,2021
582,2021-10-29,10,4,2021
583,2021-10-30,10,4,2021
584,2021-10-31,10,4,2021
585,2021-11-01,11,4,2021
586,2021-11-02,11,4,2021
587,2021-11-03,11,4,2021
588,2021-11-04,11,4,2021
589,2021-11-05,11,4,2021
590,2021-11-06,11,4,2021
591,2021-11-07,11,4,2021
592,2021-11-08,11,4,2021
593,2021-11-09,11,4,2021
594,2021-11-10,11,4,2021
595,2021-11-11,11,4,2021
596,2021-11-12,11,4,2021
597,2021-11-13,11,4,2021
598,2021-11-14,11,4,2021
599,2021-11-15,11,4,2021
600,2021-11-16,11,4,2021
601,2021-11-17,11,4,2021
602,2021-11-18,11,4,2021
603,2021-11-19,11,4,2021
604,2021-11-20,11,4,2021
605,2021-11-21,11,4,2021
606,2021-11-22,11,4,2021
607,2021-11-23,11,4,2021
608,2021-11-24,11,4,2021
609,2021-11-25,11,4,2021
610,2021-11-26,11,4,2021
611,2021-11-27,11,4,2021
612,2021-11-28,11,4,2021
613,2021-11-29,11,4,2021
614,2021-11-30,11,4,2021
615,2021-12-01,12,4,2021
616,2021-12-02,12,4,2021
617,2021-12-03,12,4,2021
618,2021-12-04,12,4,2021
619,2021-12-05,12,4,2021
620,2021-12-06,12,4,2021
621,2021-12-07,12,4,2021
622,2021-12-08,12,4,2021
623,2021-12-09,12,4,2021
624,2021-12-10,12,4,2021
625,2021-12-11,12,4,2021
626,2021-12-12,12,4,2021
627,2021-12-13,12,4,2021
628,2021-12-14,12,4,2021
629,2021-12-15,12,4,2021
630,2021-12-16,12,4,2021
631,2021-12-17,12,4,2021
632,2021-12-18,12,4,2021
633,2021-12-19,12,4,2021
634,2021-12-20,12,4,2021
635,2021-12-21,12,4,2021
636,2021-12-22,12,4,2021
637,2021-12-23,12,4,2021
638,2021-12-24,12,4,2021
639,2021-12-25,12,4,2021
640,2021-12-26,12,4,2021
641,2021-12-27,12,4,2021
642,2021-12-28,12,4,2021
643,2021-12-29,12,4,2021
644,2021-12-30,12,4,2021
645,2021-12-31,12,4,2021
646,2022-01-01,1,1,2022
647,2022-01-02,1,1,2022
648,2022-01-03,1,1,2022
649,2022-01-04,1,1,2022
650,2022-01-05,1,1,2022
651,2022-01-06,1,1,2022
652,2022-01-07,1,1,2022
653,2022-01-08,1,1,2022
654,2022-01-09,1,1,2022
655,2022-01-10,1,1,2022
656,2022-01-11,1,1,2022
657,2022-01-12,1,1,2022
658,2022-01-13,1,1,2022
659,2022-01-14,1,1,2022
660,2022-01-15,1,1,2022
661,2022-01-16,1,1,2022
662,2022-01-17,1,1,2022
663,2022-01-18,1,1,2022
664,2022-01-19,1,1,2022
665,2022-01-20,1,1,2022
666,2022-01-21,1,1,2022
667,2022-01-22,1,1,2022
668,2022-01-23,1,1,2022
669,2022-01-24,1,1,2022
670,2022-01-25,1,1,2022
671,2022-01-26,1,1,2022
672,2022-01-27,1,1,2022
673,2022-01-28,1,1,2022
674,2022-01-29,1,1,2022
675,2022-01-30,1,1,2022
676,2022-01-31,1,1,2022
677,2022-02-01,2,1,2022
678,2022-02-02,2,1,2022
679,2022-02-03,2,1,2022
680,2022-02-04,2,1,2022
681,2022-02-05,2,1,2022
682,2022-02-06,2,1,2022
683,2022-02-07,2,1,2022
684,2022-02-08,2,1,2022
685,2022-02-09,2,1,2022
686,2022-02-10,2,1,2022
687,2022-02-11,2,1,2022
688,2022-02-12,2,1,2022
689,2022-02-13,2,1,2022
690,2022-02-14,2,1,2022
691,2022-02-15,2,1,2022
692,2022-02-16,2,1,2022
693,2022-02-17,2,1,2022
694,2022-02-18,2,1,2022
695,2022-02-19,2,1,2022
696,2022-02-20,2,1,2022
697,2022-02-21,2,1,2022
698,2022-02-22,2,1,2022
699,2022-02-23,2,1,2022
700,2022-02-24,2,1,2022
701,2022-02-25,2,1,2022
702,2022-02-26,2,1,2022
703,2022-02-27,2,1,2022
704,2022-02-28,2,1,2022
705,2022-03-01,3,1,2022
706,2022-03-02,3,1,2022
707,2022-03-03,3,1,2022
708,2022-03-04,3,1,2022
709,2022-03-05,3,1,2022
710,2022-03-06,3,1,2022
711,2022-03-07,3,1,2022
712,2022-03-08,3,1,2022
713,2022-03-09,3,1,2022
714,2022-03-10,3,1,2022
715,2022-03-11,3,1,2022
716,2022-03-12,3,1,2022
717,2022-03-13,3,1,2022
718,2022-03-14,3,1,2022
719,2022-03-15,3,1,2022
720,2022-03-16,3,1,2022
721,2022-03-17,3,1,2022
722,2022-03-18,3,1,2022
723,2022-03-19,3,1,2022
724,2022-03-20,3,1,2022
725,2022-03-21,3,1,2022
726,2022-03-22,3,1,2022
727,2022-03-23,3,1,2022
728,2022-03-24,3,1,2022
729,2022-03-25,3,1,2022
730,2022-03-26,3,1,2022
731,2022-03-27,3,1,2022
732,2022-03-28,3,1,2022
733,2022-03-29,3,1,2022
734,2022-03-30,3,1,2022
735,2022-03-31,3,1,2022
736,2022-04-01,4,2,2022
737,2022-04-02,4,2,2022
738,2022-04-03,4,2,2022
739,2022-04-04,4,2,2022
740,2022-04-05,4,2,2022
741,2022-04-06,4,2,2022
742,2022-04-07,4,2,2022
743,2022-04-08,4,2,2022
744,2022-04-09,4,2,2022
745,2022-04-10,4,2,2022
746,2022-04-11,4,2,2022
747,2022-04-12,4,2,2022
748,2022-04-13,4,2,2022
749,2022-04-14,4,2,2022
750,2022-04-15,4,2,2022
751,2022-04-16,4,2,2022
752,2022-04-17,4,2,2022
753,2022-04-18,4,2,2022
754,2022-04-19,4,2,2022
755,2022-04-20,4,2,2022
756,2022-04-21,4,2,2022
757,2022-04-22,4,2,2022
758,2022-04-23,4,2,2022
759,2022-04-24,4,2,2022
760,2022-04-25,4,2,2022
761,2022-04-26,4,2,2022
762,2022-04-27,4,2,2022
763,2022-04-28,4,2,2022
764,2022-04-29,4,2,2022
765,2022-04-30,4,2,2022
766,2022-05-01,5,2,2022
767,2022-05-02,5,2,2022
768,2022-05-03,5,2,2022
769,2022-05-04,5,2,2022
770,2022-05-05,5,2,2022
771,2022-05-06,5,2,2022
772,2022-05-07,5,2,2022
773,2022-05-08,5,2,2022
774,2022-05-09,5,2,2022
775,2022-05-10,5,2,2022
776,2022-05-11,5,2,2022
777,2022-05-12,5,2,2022
778,2022-05-13,5,2,2022
779,2022-05-14,5,2,2022
780,2022-05-15,5,2,2022
781,2022-05-16,5,2,2022
782,2022-05-17,5,2,2022
783,2022-05-18,5,2,2022
784,2022-05-19,5,2,2022
785,2022-05-20,5,2,2022
786,2022-05-21,5,2,2022
787,2022-05-22,5,2,2022
788,2022-05-23,5,2,2022
789,2022-05-24,5,2,2022
790,2022-05-25,5,2,2022
791,2022-05-26,5,2,2022
792,2022-05-27,5,2,2022
793,2022-05-28,5,2,2022
794,2022-05-29,5,2,2022
795,2022-05-30,5,2,2022
796,2022-05-31,5,2,2022
797,2022-06-01,6,2,2022
798,2022-06-02,6,2,2022
799,2022-06-03,6,2,2022
800,2022-06-04,6,2,2022
801,2022-06-05,6,2,2022
802,2022-06-06,6,2,2022
803,2022-06-07,6,2,2022
804,2022-06-08,6,2,2022
805,2022-06-09,6,2,2022
806,2022-06-10,6,2,2022
807,2022-06-11,6,2,2022
808,2022-06-12,6,2,2022
809,2022-06-13,6,2,2022
810,2022-06-14,6,2,2022
811,2022-06-15,6,2,2022
812,2022-06-16,6,2,2022
813,2022-06-17,6,2,2022
814,2022-06-18,6,2,2022
815,2022-06-19,6,2,2022
816,2022-06-20,6,2,2022
817,2022-06-21,6,2,2022
818,2022-06-22,6,2,2022
819,2022-06-23,6,2,2022
820,2022-06-24,6,2,2022
821,2022-06-25,6,2,2022
822,2022-06-26,6,2,2022
823,2022-06-27,6,2,2022
824,2022-06-28,6,2,2022
825,2022-06-29,6,2,2022
826,2022-06-30,6,2,2022
827,2022-07-01,7,3,2022
828,2022-07-02,7,3,2022
829,2022-07-03,7,3,2022
830,2022-07-04,7,3,2022
831,2022-07-05,7,3,2022
832,2022-07-06,7,3,2022
833,2022-07-07,7,3,2022
834,2022-07-08,7,3,2022
835,2022-07-09,7,3,2022
836,2022-07-10,7,3,2022
837,2022-07-11,7,3,2022
838,2022-07-12,7,3,2022
839,2022-07-13,7,3,2022
840,2022-07-14,7,3,2022
841,2022-07-15,7,3,2022
842,2022-07-16,7,3,2022
843,2022-07-17,7,3,2022
844,2022-07-18,7,3,2022
845,2022-07-19,7,3,2022
846,2022-07-20,7,3,2022
847,2022-07-21,7,3,2022
848,2022-07-22,7,3,2022
849,2022-07-23,7,3,2022
850,2022-07-24,7,3,2022
851,2022-07-25,7,3,2022
852,2022-07-26,7,3,2022
853,2022-07-27,7,3,2022
854,2022-07-28,7,3,2022
855,2022-07-29,7,3,2022
856,2022-07-30,7,3,2022
857,2022-07-31,7,3,2022
858,2022-08-01,8,3,2022
859,2022-08-02,8,3,2022
860,2022-08-03,8,3,2022
861,2022-08-04,8,3,2022
862,2022-08-05,8,3,2022
863,2022-08-06,8,3,2022
864,2022-08-07,8,3,2022
865,2022-08-08,8,3,2022
866,2022-08-09,8,3,2022
867,2022-08-10,8,3,2022
868,2022-08-11,8,3,2022
869,2022-08-12,8,3,2022
870,2022-08-13,8,3,2022
871,2022-08-14,8,3,2022
872,2022-08-15,8,3,2022
873,2022-08-16,8,3,2022
874,2022-08-17,8,3,2022
875,2022-08-18,8,3,2022
876,2022-08-19,8,3,2022
877,2022-08-20,8,3,2022
878,2022-08-21,8,3,2022
879,2022-08-22,8,3,2022
880,2022-08-23,8,3,2022
881,2022-08-24,8,3,2022
882,2022-08-25,8,3,2022
883,2022-08-26,8,3,2022
884,2022-08-27,8,3,2022
885,2022-08-28,8,3,2022
886,2022-08-29,8,3,2022
887,2022-08-30,8,3,2022
888,2022-08-31,8,3,2022
889,2022-09-01,9,3,2022
890,2022-09-02,9,3,2022
891,2022-09-03,9,3,2022
892,2022-09-04,9,3,2022
893,2022-09-05,9,3,2022
894,2022-09-06,9,3,2022
895,2022-09-07,9,3,2022
896,2022-09-08,9,3,2022
897,2022-09-09,9,3,2022
898,2022-09-10,9,3,2022
899,2022-09-11,9,3,2022
900,2022-09-12,9,3,2022
901,2022-09-13,9,3,2022
902,2022-09-14,9,3,2022
903,2022-09-15,9,3,2022
904,2022-09-16,9,3,2022
905,2022-09-17,9,3,2022
906,2022-09-18,9,3,2022
907,2022-09-19,9,3,2022
908,2022-09-20,9,3,2022
909,2022-09-21,9,3,2022
910,2022-09-22,9,3,2022
911,2022-09-23,9,3,2022
912,2022-09-24,9,3,2022
913,2022-09-25,9,3,2022
914,2022-09-26,9,3,2022
915,2022-09-27,9,3,2022
916,2022-09-28,9,3,2022
917,2022-09-29,9,3,2022
918,2022-09-30,9,3,2022
919,2022-10-01,10,4,2022
920,2022-10-02,10,4,2022
921,2022-10-03,10,4,2022
922,2022-10-04,10,4,2022
923,2022-10-05,10,4,2022
924,2022-10-06,10,4,2022
925,2022-10-07,10,4,2022
926,2022-10-08,10,4,2022
927,2022-10-09,10,4,2022
928,2022-10-10,10,4,2022
929,2022-10-11,10,4,2022
930,2022-10-12,10,4,2022
931,2022-10-13,10,4,2022
932,2022-10-14,10,4,2022
933,2022-10-15,10,4,2022
934,2022-10-16,10,4,2022
935,2022-10-17,10,4,2022
936,2022-10-18,10,4,2022
937,2022-10-19,10,4,2022
938,2022-10-20,10,4,2022
939,2022-10-21,10,4,2022
940,2022-10-22,10,4,2022
941,2022-10-23,10,4,2022
942,2022-10-24,10,4,2022
943,2022-10-25,10,4,2022
944,2022-10-26,10,4,2022
945,2022-10-27,10,4,2022
946,2022-10-28,10,4,2022
947,2022-10-29,10,4,2022
948,2022-10-30,10,4,2022
949,2022-10-31,10,4,2022
950,2022-11-01,11,4,2022
951,2022-11-02,11,4,2022
952,2022-11-03,11,4,2022
953,2022-11-04,11,4,2022
954,2022-11-05,11,4,2022
955,2022-11-06,11,4,2022
956,2022-11-07,11,4,2022
957,2022-11-08,11,4,2022
958,2022-11-09,11,4,2022
959,2022-11-10,11,4,2022
960,2022-11-11,11,4,2022
961,2022-11-12,11,4,2022
962,2022-11-13,11,4,2022
963,2022-11-14,11,4,2022
964,2022-11-15,11,4,2022
965,2022-11-16,11,4,2022
966,2022-11-17,11,4,2022
967,2022-11-18,11,4,2022
968,2022-11-19,11,4,2022
969,2022-11-20,11,4,2022
970,2022-11-21,11,4,2022
971,2022-11-22,11,4,2022
972,2022-11-23,11,4,2022
973,2022-11-24,11,4,2022
974,2022-11-25,11,4,2022
975,2022-11-26,11,4,2022
976,2022-11-27,11,4,2022
977,2022-11-28,11,4,2022
978,2022-11-29,11,4,2022
979,2022-11-30,11,4,2022
980,2022-12-01,12,4,2022
981,2022-12-02,12,4,2022
982,2022-12-03,12,4,2022
983,2022-12-04,12,4,2022
984,2022-12-05,12,4,2022
985,2022-12-06,12,4,2022
986,2022-12-07,12,4,2022
987,2022-12-08,12,4,2022
988,2022-12-09,12,4,2022
989,2022-12-10,12,4,2022
990,2022-12-11,12,4,2022
991,2022-12-12,12,4,2022
992,2022-12-13,12,4,2022
993,2022-12-14,12,4,2022
994,2022-12-15,12,4,2022
995,2022-12-16,12,4,2022
996,2022-12-17,12,4,2022
997,2022-12-18,12,4,2022
998,2022-12-19,12,4,2022
999,2022-12-20,12,4,2022
1000,2022-12-21,12,4,2022
1001,2022-12-22,12,4,2022
1002,2022-12-23,12,4,2022
1003,2022-12-24,12,4,2022
1004,2022-12-25,12,4,2022
1005,2022-12-26,12,4,2022
1006,2022-12-27,12,4,2022
1007,2022-12-28,12,4,2022
1008,2022-12-29,12,4,2022
1009,2022-12-30,12,4,2022
1010,2022-12-31,12,4,2022
1011,2023-01-01,1,1,2023
1012,2023-01-02,1,1,2023
1013,2023-01-03,1,1,2023
1014,2023-01-04,1,1,2023
1015,2023-01-05,1,1,2023
1016,2023-01-06,1,1,2023
1017,2023-01-07,1,1,2023
1018,2023-01-08,1,1,2023
1019,2023-01-09,1,1,2023
1020,2023-01-10,1,1,2023
1021,2023-01-11,1,1,2023
1022,2023-01-12,1,1,2023
1023,2023-01-13,1,1,2023
1024,2023-01-14,1,1,2023
1025,2023-01-15,1,1,2023
1026,2023-01-16,1,1,2023
1027,2023-01-17,1,1,2023
1028,2023-01-18,1,1,2023
1029,2023-01-19,1,1,2023
1030,2023-01-20,1,1,2023
1031,2023-01-21,1,1,2023
1032,2023-01-22,1,1,2023
1033,2023-01-23,1,1,2023
1034,2023-01-24,1,1,2023
1035,2023-01-25,1,1,2023
1036,2023-01-26,1,1,2023
1037,2023-01-27,1,1,2023
1038,2023-01-28,1,1,2023
1039,2023-01-29,1,1,2023
1040,2023-01-30,1,1,2023
1041,2023-01-31,1,1,2023
1042,2023-02-01,2,1,2023
1043,2023-02-02,2,1,2023
1044,2023-02-03,2,1,2023
1045,2023-02-04,2,1,2023
1046,2023-02-05,2,1,2023
1047,2023-02-06,2,1,2023
1048,2023-02-07,2,1,2023
1049,2023-02-08,2,1,2023
1050,2023-02-09,2,1,2023
1051,2023-02-10,2,1,2023
1052,2023-02-11,2,1,2023
1053,2023-02-12,2,1,2023
1054,2023-02-13,2,1,2023
1055,2023-02-14,2,1,2023
1056,2023-02-15,2,1,2023
1057,2023-02-16,2,1,2023
1058,2023-02-17,2,1,2023
1059,2023-02-18,2,1,2023
1060,2023-02-19,2,1,2023
1061,2023-02-20,2,1,2023
1062,2023-02-21,2,1,2023
1063,2023-02-22,2,1,2023
1064,2023-02-23,2,1,2023
1065,2023-02-24,2,1,2023
1066,2023-02-25,2,1,2023
1067,2023-02-26,2,1,2023
1068,2023-02-27,2,1,2023
1069,2023-02-28,2,1,2023
1070,2023-03-01,3,1,2023
1071,2023-03-02,3,1,2023
1072,2023-03-03,3,1,2023
1073,2023-03-04,3,1,2023
1074,2023-03-05,3,1,2023
1075,2023-03-06,3,1,2023
1076,2023-03-07,3,1,2023
1077,2023-03-08,3,1,2023
1078,2023-03-09,3,1,2023
1079,2023-03-10,3,1,2023
1080,2023-03-11,3,1,2023
1081,2023-03-12,3,1,2023
1082,2023-03-13,3,1,2023
1083,2023-03-14,3,1,2023
1084,2023-03-15,3,1,2023
1085,2023-03-16,3,1,2023
1086,2023-03-17,3,1,2023
1087,2023-03-18,3,1,2023
1088,2023-03-19,3,1,2023
1089,2023-03-20,3,1,2023
1090,2023-03-21,3,1,2023
1091,2023-03-22,3,1,2023
1092,2023-03-23,3,1,2023
1093,2023-03-24,3,1,2023
1094,2023-03-25,3,1,2023
1095,2023-03-26,3,1,2023
1096,2023-03-27,3,1,2023
1097,2023-03-28,3,1,2023
1098,2023-03-29,3,1,2023
1099,2023-03-30,3,1,2023
1100,2023-03-31,3,1,2023
1101,2023-04-01,4,2,2023
1102,2023-04-02,4,2,2023
1103,2023-04-03,4,2,2023
1104,2023-04-04,4,2,2023
1105,2023-04-05,4,2,2023
1106,2023-04-06,4,2,2023
1107,2023-04-07,4,2,2023
1108,2023-04-08,4,2,2023
1109,2023-04-09,4,2,2023
1110,2023-04-10,4,2,2023
1111,2023-04-11,4,2,2023
1112,2023-04-12,4,2,2023
1113,2023-04-13,4,2,2023
1114,2023-04-14,4,2,2023
1115,2023-04-15,4,2,2023
1116,2023-04-16,4,2,2023
1117,2023-04-17,4,2,2023
1118,2023-04-18,4,2,2023
1119,2023-04-19,4,2,2023
1120,2023-04-20,4,2,2023
1121,2023-04-21,4,2,2023
1122,2023-04-22,4,2,2023
1123,2023-04-23,4,2,2023
1124,2023-04-24,4,2,2023
1125,2023-04-25,4,2,2023
1126,2023-04-26,4,2,2023
1127,2023-04-27,4,2,2023
1128,2023-04-28,4,2,2023
1129,2023-04-29,4,2,2023
1130,2023-04-30,4,2,2023
1131,2023-05-01,5,2,2023
1132,2023-05-02,5,2,2023
1133,2023-05-03,5,2,2023
1134,2023-05-04,5,2,2023
1135,2023-05-05,5,2,2023
1136,2023-05-06,5,2,2023
1137,2023-05-07,5,2,2023
1138,2023-05-08,5,2,2023
1139,2023-05-09,5,2,2023
1140,2023-05-10,5,2,2023
1141,2023-05-11,5,2,2023
1142,2023-05-12,5,2,2023
1143,2023-05-13,5,2,2023
1144,2023-05-14,5,2,2023
1145,2023-05-15,5,2,2023
1146,2023-05-16,5,2,2023
1147,2023-05-17,5,2,2023
1148,2023-05-18,5,2,2023
1149,2023-05-19,5,2,2023
1150,2023-05-20,5,2,2023
1151,2023-05-21,5,2,2023
1152,2023-05-22,5,2,2023
1153,2023-05-23,5,2,2023
1154,2023-05-24,5,2,2023
1155,2023-05-25,5,2,2023
1156,2023-05-26,5,2,2023
1157,2023-05-27,5,2,2023
1158,2023-05-28,5,2,2023
1159,2023-05-29,5,2,2023
1160,2023-05-30,5,2,2023
1161,2023-05-31,5,2,2023
1162,2023-06-01,6,2,2023
1163,2023-06-02,6,2,2023
1164,2023-06-03,6,2,2023
1165,2023-06-04,6,2,2023
1166,2023-06-05,6,2,2023
1167,2023-06-06,6,2,2023
1168,2023-06-07,6,2,2023
1169,2023-06-08,6,2,2023
1170,2023-06-09,6,2,2023
1171,2023-06-10,6,2,2023
1172,2023-06-11,6,2,2023
1173,2023-06-12,6,2,2023
1174,2023-06-13,6,2,2023
1175,2023-06-14,6,2,2023
1176,2023-06-15,6,2,2023
1177,2023-06-16,6,2,2023
1178,2023-06-17,6,2,2023
1179,2023-06-18,6,2,2023
1180,2023-06-19,6,2,2023
1181,2023-06-20,6,2,2023
1182,2023-06-21,6,2,2023
1183,2023-06-22,6,2,2023
1184,2023-06-23,6,2,2023
1185,2023-06-24,6,2,2023
1186,2023-06-25,6,2,2023
1187,2023-06-26,6,2,2023
1188,2023-06-27,6,2,2023
1189,2023-06-28,6,2,2023
1190,2023-06-29,6,2,2023
1191,2023-06-30,6,2,2023
1192,2023-07-01,7,3,2023
1193,2023-07-02,7,3,2023
1194,2023-07-03,7,3,2023
1195,2023-07-04,7,3,2023
1196,2023-07-05,7,3,2023
1197,2023-07-06,7,3,2023
1198,2023-07-07,7,3,2023
1199,2023-07-08,7,3,2023
1200,2023-07-09,7,3,2023
1201,2023-07-10,7,3,2023
1202,2023-07-11,7,3,2023
1203,2023-07-12,7,3,2023
1204,2023-07-13,7,3,2023
1205,2023-07-14,7,3,2023
1206,2023-07-15,7,3,2023
1207,2023-07-16,7,3,2023
1208,2023-07-17,7,3,2023
1209,2023-07-18,7,3,2023
1210,2023-07-19,7,3,2023
1211,2023-07-20,7,3,2023
1212,2023-07-21,7,3,2023
1213,2023-07-22,7,3,2023
1214,2023-07-23,7,3,2023
1215,2023-07-24,7,3,2023
1216,2023-07-25,7,3,2023
1217,2023-07-26,7,3,2023
1218,2023-07-27,7,3,2023
1219,2023-07-28,7,3,2023
1220,2023-07-29,7,3,2023
1221,2023-07-30,7,3,2023
1222,2023-07-31,7,3,2023
1223,2023-08-01,8,3,2023
1224,2023-08-02,8,3,2023
1225,2023-08-03,8,3,2023
1226,2023-08-04,8,3,2023
1227,2023-08-05,8,3,2023
1228,2023-08-06,8,3,2023
1229,2023-08-07,8,3,2023
1230,2023-08-08,8,3,2023
1231,2023-08-09,8,3,2023
1232,2023-08-10,8,3,2023
1233,2023-08-11,8,3,2023
1234,2023-08-12,8,3,2023
1235,2023-08-13,8,3,2023
1236,2023-08-14,8,3,2023
1237,2023-08-15,8,3,2023
1238,2023-08-16,8,3,2023
1239,2023-08-17,8,3,2023
1240,2023-08-18,8,3,2023
1241,2023-08-19,8,3,2023
1242,2023-08-20,8,3,2023
1243,2023-08-21,8,3,2023
1244,2023-08-22,8,3,2023
1245,2023-08-23,8,3,2023
1246,2023-08-24,8,3,2023
1247,2023-08-25,8,3,2023
1248,2023-08-26,8,3,2023
1249,2023-08-27,8,3,2023
1250,2023-08-28,8,3,2023
1251,2023-08-29,8,3,2023
1252,2023-08-30,8,3,2023
1253,2023-08-31,8,3,2023
1254,2023-09-01,9,3,2023
1255,2023-09-02,9,3,2023
1256,2023-09-03,9,3,2023
1257,2023-09-04,9,3,2023
1258,2023-09-05,9,3,2023
1259,2023-09-06,9,3,2023
1260,2023-09-07,9,3,2023
1261,2023-09-08,9,3,2023
1262,2023-09-09,9,3,2023
1263,2023-09-10,9,3,2023
1264,2023-09-11,9,3,2023
1265,2023-09-12,9,3,2023
1266,2023-09-13,9,3,2023
1267,2023-09-14,9,3,2023
1268,2023-09-15,9,3,2023
1269,2023-09-16,9,3,2023
1270,2023-09-17,9,3,2023
1271,2023-09-18,9,3,2023
1272,2023-09-19,9,3,2023
1273,2023-09-20,9,3,2023
1274,2023-09-21,9,3,2023
1275,2023-09-22,9,3,2023
1276,2023-09-23,9,3,2023
1277,2023-09-24,9,3,2023
1278,2023-09-25,9,3,2023
1279,2023-09-26,9,3,2023
1280,2023-09-27,9,3,2023
1281,2023-09-28,9,3,2023
1282,2023-09-29,9,3,2023
1283,2023-09-30,9,3,2023
1284,2023-10-01,10,4,2023
1285,2023-10-02,10,4,2023
1286,2023-10-03,10,4,2023
1287,2023-10-04,10,4,2023
1288,2023-10-05,10,4,2023
1289,2023-10-06,10,4,2023
1290,2023-10-07,10,4,2023
1291,2023-10-08,10,4,2023
1292,2023-10-09,10,4,2023
1293,2023-10-10,10,4,2023
1294,2023-10-11,10,4,2023
1295,2023-10-12,10,4,2023
1296,2023-10-13,10,4,2023
1297,2023-10-14,10,4,2023
1298,2023-10-15,10,4,2023
1299,2023-10-16,10,4,2023
1300,2023-10-17,10,4,2023
1301,2023-10-18,10,4,2023
1302,2023-10-19,10,4,2023
1303,2023-10-20,10,4,2023
1304,2023-10-21,10,4,2023
1305,2023-10-22,10,4,2023
1306,2023-10-23,10,4,2023
1307,2023-10-24,10,4,2023
1308,2023-10-25,10,4,2023
1309,2023-10-26,10,4,2023
1310,2023-10-27,10,4,2023
1311,2023-10-28,10,4,2023
1312,2023-10-29,10,4,2023
1313,2023-10-30,10,4,2023
1314,2023-10-31,10,4,2023
1315,2023-11-01,11,4,2023
1316,2023-11-02,11,4,2023
1317,2023-11-03,11,4,2023
1318,2023-11-04,11,4,2023
1319,2023-11-05,11,4,2023
1320,2023-11-06,11,4,2023
1321,2023-11-07,11,4,2023
1322,2023-11-08,11,4,2023
1323,2023-11-09,11,4,2023
1324,2023-11-10,11,4,2023
1325,2023-11-11,11,4,2023
1326,2023-11-12,11,4,2023
1327,2023-11-13,11,4,2023
1328,2023-11-14,11,4,2023
1329,2023-11-15,11,4,2023
1330,2023-11-16,11,4,2023
1331,2023-11-17,11,4,2023
1332,2023-11-18,11,4,2023
1333,2023-11-19,11,4,2023
1334,2023-11-20,11,4,2023
1335,2023-11-21,11,4,2023
1336,2023-11-22,11,4,2023
1337,2023-11-23,11,4,2023
1338,2023-11-24,11,4,2023
1339,2023-11-25,11,4,2023
1340,2023-11-26,11,4,2023
1341,2023-11-27,11,4,2023
1342,2023-11-28,11,4,2023
1343,2023-11-29,11,4,2023
1344,2023-11-30,11,4,2023
1345,2023-12-01,12,4,2023
1346,2023-12-02,12,4,2023
1347,2023-12-03,12,4,2023
1348,2023-12-04,12,4,2023
1349,2023-12-05,12,4,2023
1350,2023-12-06,12,4,2023
1351,2023-12-07,12,4,2023
1352,2023-12-08,12,4,2023
1353,2023-12-09,12,4,2023
1354,2023-12-10,12,4,2023
1355,2023-12-11,12,4,2023
1356,2023-12-12,12,4,2023
1357,2023-12-13,12,4,2023
1358,2023-12-14,12,4,2023
1359,2023-12-15,12,4,2023
1360,2023-12-16,12,4,2023
1361,2023-12-17,12,4,2023
1362,2023-12-18,12,4,2023
1363,2023-12-19,12,4,2023
1364,2023-12-20,12,4,2023
1365,2023-12-21,12,4,2023
1366,2023-12-22,12,4,2023
1367,2023-12-23,12,4,2023
1368,2023-12-24,12,4,2023
1369,2023-12-25,12,4,2023
1370,2023-12-26,12,4,2023
1371,2023-12-27,12,4,2023
1372,2023-12-28,12,4,2023
1373,2023-12-29,12,4,2023
1374,2023-12-30,12,4,2023
1375,2023-12-31,12,4,2023
1376,2024-01-01,1,1,2024
1377,2024-01-02,1,1,2024
1378,2024-01-03,1,1,2024
1379,2024-01-04,1,1,2024
1380,2024-01-05,1,1,2024
1381,2024-01-06,1,1,2024
1382,2024-01-07,1,1,2024
1383,2024-01-08,1,1,2024
1384,2024-01-09,1,1,2024
1385,2024-01-10,1,1,2024
1386,2024-01-11,1,1,2024
1387,2024-01-12,1,1,2024
1388,2024-01-13,1,1,2024
1389,2024-01-14,1,1,2024
1390,2024-01-15,1,1,2024
1391,2024-01-16,1,1,2024
1392,2024-01-17,1,1,2024
1393,2024-01-18,1,1,2024
1394,2024-01-19,1,1,2024
1395,2024-01-20,1,1,2024
1396,2024-01-21,1,1,2024
1397,2024-01-22,1,1,2024
1398,2024-01-23,1,1,2024
1399,2024-01-24,1,1,2024
1400,2024-01-25,1,1,2024
1401,2024-01-26,1,1,2024
1402,2024-01-27,1,1,2024
1403,2024-01-28,1,1,2024
1404,2024-01-29,1,1,2024
1405,2024-01-30,1,1,2024
1406,2024-01-31,1,1,2024
1407,2024-02-01,2,1,2024
1408,2024-02-02,2,1,2024
1409,2024-02-03,2,1,2024
1410,2024-02-04,2,1,2024
1411,2024-02-05,2,1,2024
1412,2024-02-06,2,1,2024
1413,2024-02-07,2,1,2024
1414,2024-02-08,2,1,2024
1415,2024-02-09,2,1,2024
1416,2024-02-10,2,1,2024
1417,2024-02-11,2,1,2024
1418,2024-02-12,2,1,2024
1419,2024-02-13,2,1,2024
1420,2024-02-14,2,1,2024
1421,2024-02-15,2,1,2024
1422,2024-02-16,2,1,2024
1423,2024-02-17,2,1,2024
1424,2024-02-18,2,1,2024
1425,2024-02-19,2,1,2024
1426,2024-02-20,2,1,2024
1427,2024-02-21,2,1,2024
1428,2024-02-22,2,1,2024
1429,2024-02-23,2,1,2024
1430,2024-02-24,2,1,2024
1431,2024-02-25,2,1,2024
1432,2024-02-26,2,1,2024
1433,2024-02-27,2,1,2024
1434,2024-02-28,2,1,2024
1435,2024-02-29,2,1,2024
1436,2024-03-01,3,1,2024
1437,2024-03-02,3,1,2024
1438,2024-03-03,3,1,2024
1439,2024-03-04,3,1,2024
1440,2024-03-05,3,1,2024
1441,2024-03-06,3,1,2024
1442,2024-03-07,3,1,2024
1443,2024-03-08,3,1,2024
1444,2024-03-09,3,1,2024
1445,2024-03-10,3,1,2024
1446,2024-03-11,3,1,2024
1447,2024-03-12,3,1,2024
1448,2024-03-13,3,1,2024
1449,2024-03-14,3,1,2024
1450,2024-03-15,3,1,2024
1451,2024-03-16,3,1,2024
1452,2024-03-17,3,1,2024
1453,2024-03-18,3,1,2024
1454,2024-03-19,3,1,2024
1455,2024-03-20,3,1,2024
1456,2024-03-21,3,1,2024
1457,2024-03-22,3,1,2024
1458,2024-03-23,3,1,2024
1459,2024-03-24,3,1,2024
1460,2024-03-25,3,1,2024
1461,2024-03-26,3,1,2024
1462,2024-03-27,3,1,2024
1463,2024-03-28,3,1,2024
1464,2024-03-29,3,1,2024
1465,2024-03-30,3,1,2024
1466,2024-03-31,3,1,2024
1467,2024-04-01,4,2,2024
1468,2024-04-02,4,2,2024
1469,2024-04-03,4,2,2024
1470,2024-04-04,4,2,2024
1471,2024-04-05,4,2,2024
1472,2024-04-06,4,2,2024
1473,2024-04-07,4,2,2024
1474,2024-04-08,4,2,2024
1475,2024-04-09,4,2,2024
1476,2024-04-10,4,2,2024
1477,2024-04-11,4,2,2024
1478,2024-04-12,4,2,2024
1479,2024-04-13,4,2,2024
1480,2024-04-14,4,2,2024
1481,2024-04-15,4,2,2024
1482,2024-04-16,4,2,2024
1483,2024-04-17,4,2,2024
1484,2024-04-18,4,2,2024
1485,2024-04-19,4,2,2024
1486,2024-04-20,4,2,2024
1487,2024-04-21,4,2,2024
1488,2024-04-22,4,2,2024
1489,2024-04-23,4,2,2024
1490,2024-04-24,4,2,2024
1491,2024-04-25,4,2,2024
1492,2024-04-26,4,2,2024
1493,2024-04-27,4,2,2024
1494,2024-04-28,4,2,2024
1495,2024-04-29,4,2,2024
1496,2024-04-30,4,2,2024
1497,2024-05-01,5,2,2024
1498,2024-05-02,5,2,2024
1499,2024-05-03,5,2,2024
1500,2024-05-04,5,2,2024
1501,2024-05-05,5,2,2024
1502,2024-05-06,5,2,2024
1503,2024-05-07,5,2,2024
1504,2024-05-08,5,2,2024
1505,2024-05-09,5,2,2024
1506,2024-05-10,5,2,2024
1507,2024-05-11,5,2,2024
1508,2024-05-12,5,2,2024
1509,2024-05-13,5,2,2024
1510,2024-05-14,5,2,2024
1511,2024-05-15,5,2,2024
1512,2024-05-16,5,2,2024
1513,2024-05-17,5,2,2024
1514,2024-05-18,5,2,2024
1515,2024-05-19,5,2,2024
1516,2024-05-20,5,2,2024
1517,2024-05-21,5,2,2024
1518,2024-05-22,5,2,2024
1519,2024-05-23,5,2,2024
1520,2024-05-24,5,2,2024
1521,2024-05-25,5,2,2024
1522,2024-05-26,5,2,2024
1523,2024-05-27,5,2,2024
1524,2024-05-28,5,2,2024
1525,2024-05-29,5,2,2024
1526,2024-05-30,5,2,2024
1527,2024-05-31,5,2,2024
1528,2024-06-01,6,2,2024
1529,2024-06-02,6,2,2024
1530,2024-06-03,6,2,2024
1531,2024-06-04,6,2,2024
1532,2024-06-05,6,2,2024
1533,2024-06-06,6,2,2024
1534,2024-06-07,6,2,2024
1535,2024-06-08,6,2,2024
1536,2024-06-09,6,2,2024
1537,2024-06-10,6,2,2024
1538,2024-06-11,6,2,2024
1539,2024-06-12,6,2,2024
1540,2024-06-13,6,2,2024
1541,2024-06-14,6,2,2024
1542,2024-06-15,6,2,2024
1543,2024-06-16,6,2,2024
1544,2024-06-17,6,2,2024
1545,2024-06-18,6,2,2024
1546,2024-06-19,6,2,2024
1547,2024-06-20,6,2,2024
1548,2024-06-21,6,2,2024
1549,2024-06-22,6,2,2024
1550,2024-06-23,6,2,2024
1551,2024-06-24,6,2,2024
1552,2024-06-25,6,2,2024
1553,2024-06-26,6,2,2024
1554,2024-06-27,6,2,2024
1555,2024-06-28,6,2,2024
1556,2024-06-29,6,2,2024
1557,2024-06-30,6,2,2024
1558,2024-07-01,7,3,2024
1559,2024-07-02,7,3,2024
1560,2024-07-03,7,3,2024
1561,2024-07-04,7,3,2024
1562,2024-07-05,7,3,2024
1563,2024-07-06,7,3,2024
1564,2024-07-07,7,3,2024
1565,2024-07-08,7,3,2024
1566,2024-07-09,7,3,2024
1567,2024-07-10,7,3,2024
1568,2024-07-11,7,3,2024
1569,2024-07-12,7,3,2024
1570,2024-07-13,7,3,2024
1571,2024-07-14,7,3,2024
1572,2024-07-15,7,3,2024
1573,2024-07-16,7,3,2024
1574,2024-07-17,7,3,2024
1575,2024-07-18,7,3,2024
1576,2024-07-19,7,3,2024
1577,2024-07-20,7,3,2024
1578,2024-07-21,7,3,2024
1579,2024-07-22,7,3,2024
1580,2024-07-23,7,3,2024
1581,2024-07-24,7,3,2024
1582,2024-07-25,7,3,2024
1583,2024-07-26,7,3,2024
1584,2024-07-27,7,3,2024
1585,2024-07-28,7,3,2024
1586,2024-07-29,7,3,2024
1587,2024-07-30,7,3,2024
1588,2024-07-31,7,3,2024
1589,2024-08-01,8,3,2024
1590,2024-08-02,8,3,2024
1591,2024-08-03,8,3,2024
1592,2024-08-04,8,3,2024
1593,2024-08-05,8,3,2024
1594,2024-08-06,8,3,2024
1595,2024-08-07,8,3,2024
1596,2024-08-08,8,3,2024
1597,2024-08-09,8,3,2024
1598,2024-08-10,8,3,2024
1599,2024-08-11,8,3,2024
1600,2024-08-12,8,3,2024
1601,2024-08-13,8,3,2024
1602,2024-08-14,8,3,2024
1603,2024-08-15,8,3,2024
1604,2024-08-16,8,3,2024
1605,2024-08-17,8,3,2024
1606,2024-08-18,8,3,2024
1607,2024-08-19,8,3,2024
1608,2024-08-20,8,3,2024
1609,2024-08-21,8,3,2024
1610,2024-08-22,8,3,2024
1611,2024-08-23,8,3,2024
1612,2024-08-24,8,3,2024
1613,2024-08-25,8,3,2024
1614,2024-08-26,8,3,2024
1615,2024-08-27,8,3,2024
1616,2024-08-28,8,3,2024
1617,2024-08-29,8,3,2024
1618,2024-08-30,8,3,2024
1619,2024-08-31,8,3,2024
1620,2024-09-01,9,3,2024
1621,2024-09-02,9,3,2024
1622,2024-09-03,9,3,2024
1623,2024-09-04,9,3,2024
1624,2024-09-05,9,3,2024
1625,2024-09-06,9,3,2024
1626,2024-09-07,9,3,2024
1627,2024-09-08,9,3,2024
1628,2024-09-09,9,3,2024
1629,2024-09-10,9,3,2024
1630,2024-09-11,9,3,2024
1631,2024-09-12,9,3,2024
1632,2024-09-13,9,3,2024
1633,2024-09-14,9,3,2024
1634,2024-09-15,9,3,2024
1635,2024-09-16,9,3,2024
1636,2024-09-17,9,3,2024
1637,2024-09-18,9,3,2024
1638,2024-09-19,9,3,2024
1639,2024-09-20,9,3,2024
1640,2024-09-21,9,3,2024
1641,2024-09-22,9,3,2024
1642,2024-09-23,9,3,2024
1643,2024-09-24,9,3,2024
1644,2024-09-25,9,3,2024
1645,2024-09-26,9,3,2024
1646,2024-09-27,9,3,2024
1647,2024-09-28,9,3,2024
1648,2024-09-29,9,3,2024
1649,2024-09-30,9,3,2024
1650,2024-10-01,10,4,2024
1651,2024-10-02,10,4,2024
1652,2024-10-03,10,4,2024
1653,2024-10-04,10,4,2024
1654,2024-10-05,10,4,2024
1655,2024-10-06,10,4,2024
1656,2024-10-07,10,4,2024
1657,2024-10-08,10,4,2024
1658,2024-10-09,10,4,2024
1659,2024-10-10,10,4,2024
1660,2024-10-11,10,4,2024
1661,2024-10-12,10,4,2024
1662,2024-10-13,10,4,2024
1663,2024-10-14,10,4,2024
1664,2024-10-15,10,4,2024
1665,2024-10-16,10,4,2024
1666,2024-10-17,10,4,2024
1667,2024-10-18,10,4,2024
1668,2024-10-19,10,4,2024
1669,2024-10-20,10,4,2024
1670,2024-10-21,10,4,2024
1671,2024-10-22,10,4,2024
1672,2024-10-23,10,4,2024
1673,2024-10-24,10,4,2024
1674,2024-10-25,10,4,2024
1675,2024-10-26,10,4,2024
1676,2024-10-27,10,4,2024
1677,2024-10-28,10,4,2024
1678,2024-10-29,10,4,2024
1679,2024-10-30,10,4,2024
1680,2024-10-31,10,4,2024
1681,2024-11-01,11,4,2024
1682,2024-11-02,11,4,2024
1683,2024-11-03,11,4,2024
1684,2024-11-04,11,4,2024
1685,2024-11-05,11,4,2024
1686,2024-11-06,11,4,2024
1687,2024-11-07,11,4,2024
1688,2024-11-08,11,4,2024
1689,2024-11-09,11,4,2024
1690,2024-11-10,11,4,2024
1691,2024-11-11,11,4,2024
1692,2024-11-12,11,4,2024
1693,2024-11-13,11,4,2024
1694,2024-11-14,11,4,2024
1695,2024-11-15,11,4,2024
1696,2024-11-16,11,4,2024
1697,2024-11-17,11,4,2024
1698,2024-11-18,11,4,2024
1699,2024-11-19,11,4,2024
1700,2024-11-20,11,4,2024
1701,2024-11-21,11,4,2024
1702,2024-11-22,11,4,2024
1703,2024-11-23,11,4,2024
1704,2024-11-24,11,4,2024
1705,2024-11-25,11,4,2024
1706,2024-11-26,11,4,2024
1707,2024-11-27,11,4,2024
1708,2024-11-28,11,4,2024
1709,2024-11-29,11,4,2024
1710,2024-11-30,11,4,2024
1711,2024-12-01,12,4,2024
1712,2024-12-02,12,4,2024
1713,2024-12-03,12,4,2024
1714,2024-12-04,12,4,2024
1715,2024-12-05,12,4,2024
1716,2024-12-06,12,4,2024
1717,2024-12-07,12,4,2024
1718,2024-12-08,12,4,2024
1719,2024-12-09,12,4,2024
1720,2024-12-10,12,4,2024
1721,2024-12-11,12,4,2024
1722,2024-12-12,12,4,2024
1723,2024-12-13,12,4,2024
1724,2024-12-14,12,4,2024
1725,2024-12-15,12,4,2024
1726,2024-12-16,12,4,2024
1727,2024-12-17,12,4,2024
1728,2024-12-18,12,4,2024
1729,2024-12-19,12,4,2024
1730,2024-12-20,12,4,2024
1731,2024-12-21,12,4,2024
1732,2024-12-22,12,4,2024
1733,2024-12-23,12,4,2024
1734,2024-12-24,12,4,2024
1735,2024-12-25,12,4,2024
1736,2024-12-26,12,4,2024
1737,2024-12-27,12,4,2024
1738,2024-12-28,12,4,2024
1739,2024-12-29,12,4,2024
1740,2024-12-30,12,4,2024
1741,2024-12-31,12,4,2024
1742,2025-01-01,1,1,2025
1743,2025-01-02,1,1,2025
1744,2025-01-03,1,1,2025
1745,2025-01-04,1,1,2025
1746,2025-01-05,1,1,2025
1747,2025-01-06,1,1,2025
1748,2025-01-07,1,1,2025
1749,2025-01-08,1,1,2025
1750,2025-01-09,1,1,2025
1751,2025-01-10,1,1,2025
1752,2025-01-11,1,1,2025
1753,2025-01-12,1,1,2025
1754,2025-01-13,1,1,2025
1755,2025-01-14,1,1,2025
1756,2025-01-15,1,1,2025
1757,2025-01-16,1,1,2025
1758,2025-01-17,1,1,2025
1759,2025-01-18,1,1,2025
1760,2025-01-19,1,1,2025
1761,2025-01-20,1,1,2025
1762,2025-01-21,1,1,2025
1763,2025-01-22,1,1,2025
1764,2025-01-23,1,1,2025
1765,2025-01-24,1,1,2025
1766,2025-01-25,1,1,2025
1767,2025-01-26,1,1,2025
1768,2025-01-27,1,1,2025
1769,2025-01-28,1,1,2025
1770,2025-01-29,1,1,2025
1771,2025-01-30,1,1,2025
1772,2025-01-31,1,1,2025
1773,2025-02-01,2,1,2025
1774,2025-02-02,2,1,2025
1775,2025-02-03,2,1,2025
1776,2025-02-04,2,1,2025
1777,2025-02-05,2,1,2025
1778,2025-02-06,2,1,2025
1779,2025-02-07,2,1,2025
1780,2025-02-08,2,1,2025
1781,2025-02-09,2,1,2025
1782,2025-02-10,2,1,2025
1783,2025-02-11,2,1,2025
1784,2025-02-12,2,1,2025
1785,2025-02-13,2,1,2025
1786,2025-02-14,2,1,2025
1787,2025-02-15,2,1,2025
1788,2025-02-16,2,1,2025
1789,2025-02-17,2,1,2025
1790,2025-02-18,2,1,2025
1791,2025-02-19,2,1,2025
1792,2025-02-20,2,1,2025
1793,2025-02-21,2,1,2025
1794,2025-02-22,2,1,2025
1795,2025-02-23,2,1,2025
1796,2025-02-24,2,1,2025
1797,2025-02-25,2,1,2025
1798,2025-02-26,2,1,2025
1799,2025-02-27,2,1,2025
1800,2025-02-28,2,1,2025
1801,2025-03-01,3,1,2025
1802,2025-03-02,3,1,2025
1803,2025-03-03,3,1,2025
1804,2025-03-04,3,1,2025
1805,2025-03-05,3,1,2025
1806,2025-03-06,3,1,2025
1807,2025-03-07,3,1,2025
1808,2025-03-08,3,1,2025
1809,2025-03-09,3,1,2025
1810,2025-03-10,3,1,2025
1811,2025-03-11,3,1,2025
1812,2025-03-12,3,1,2025
1813,2025-03-13,3,1,2025
1814,2025-03-14,3,1,2025
1815,2025-03-15,3,1,2025
1816,2025-03-16,3,1,2025
1817,2025-03-17,3,1,2025
1818,2025-03-18,3,1,2025
1819,2025-03-19,3,1,2025
1820,2025-03-20,3,1,2025
1821,2025-03-21,3,1,2025
1822,2025-03-22,3,1,2025
1823,2025-03-23,3,1,2025
1824,2025-03-24,3,1,2025
1825,2025-03-25,3,1,2025
